{"binary classification": {"F1 Score": 0.9281883584041857, "Accuracy Score": 0.9268, "Precision": 0.9281770564184022, "Recall": 0.9268}}